gares,total_2018,latitude,longitude
ABANCOURT,40228,49.6852237,1.7743058
ABBEVILLE,710325,50.10221,1.8244900000000002
ACHIET,92323,50.131752500000005,2.780168
AGAY,15093,43.4313701,6.8564997000000005
AGDE,588297,43.31728,3.4662029999999997
AGEN,1109199,44.208311,0.6209319999999999
AGONAC,1492,45.2865966,0.7486706
AIGREFEUILLE LE THOU,18670,46.09402,-0.95168
AIGUEBELLE,76441,45.5437225,6.3067175
AIGUEPERSE,70745,46.01478839999999,3.1982621
AILLEVILLERS,4429,47.9138876,6.3372988
AILLY SUR NOYE,99154,49.75448,2.3641900000000002
AILLY SUR SOMME,126145,49.92838,2.20059
AIME LA PLAGNE,104267,45.5544,6.648646
AISEREY,24241,47.170501,5.1582447
AIX EN PROVENCE,769147,43.522912,5.445345
AIXE SUR VIENNE,5734,45.796500200000004,1.1456892
ALBERT,447970,50.00546,2.64453
ALBERTVILLE,290751,45.672977,6.383167
ALBI MADELEINE,44787,43.938010999999996,2.1409629
ALBIAS,8780,44.0919078,1.4448012
ALBIGNY NEUVILLE,229444,45.874921,4.8328739999999994
ALENCON,370206,48.433884,0.098531
ALES,417520,44.127825,4.084948000000001
ALET LES BAINS,96,42.9974445,2.2518325
ALLASSAC,18504,45.2589385,1.4731471
ALLEYRAS,1013,44.919216999999996,3.673517
ALOUETTE FRANCE,226428,44.793355,-0.65965
AMBAZAC,25961,45.9529056,1.406501
AMBERIEU EN BUGEY,1168627,45.954008,5.342388
AMBOISE,556255,47.421479999999995,0.981299
AMBRONAY PRIAY,5983,46.011594099999996,5.3382579
AMIENS,5244716,49.890746,2.312592
AMPLEPUIS,276412,45.970982,4.326844
ANCENIS,926200,47.369334,-1.177763
ANDREZIEUX,25637,45.5217037,4.254834
ANGERS MAITRE ECOLE,16070,47.4670899,-0.531894
ANGOULEME,1712440,45.653572,0.164608
ANGOULINS SUR MER,9187,46.108057,-1.1154503
ANNECY,2209179,45.901965000000004,6.121835
ANNEMASSE,618090,46.199222,6.23652
ANOR,20097,49.984891999999995,4.0929803
ANSE,397142,45.939304,4.719807
ANTIBES,2105087,43.585784000000004,7.119497999999999
ARC ET SENANS,43376,47.0303516,5.7767843
ARCACHON,907838,44.659009000000005,-1.16523
ARGENTAN,274448,48.738545,-0.025291
ARLES,646535,43.684853000000004,4.63203
ARLEUX,39776,50.286320399999994,3.1208072999999996
ARMENTIERES,761726,50.68084,2.87763
ARNAGE,14550,47.92856629999999,0.1898826
ARNEKE,120466,50.831522,2.4083063
ARRAS,4060559,50.286673,2.781942
ARROU,7113,48.0997945,1.1285566999999999
ARTENAY,62685,48.0808761,1.8833705000000003
ARTIX,33858,43.393106200000005,-0.5701881
ARVANT,37485,45.365379700000005,3.3106747000000003
ASCQ,18741,50.6218591,3.1598992000000004
ASPRES SUR BUECH,9306,44.519428000000005,5.7545655
ASSAT,151,43.254399299999996,-0.2950176
ASSIER,7528,44.6746197,1.8697681000000002
AUBAGNE,935040,43.296045,5.56658
AUBIAT,7945,45.983812,3.1605115
AUBIET,7586,43.6502068,0.7891179
AUBIGNE RACAN,13647,47.686945,0.26577140000000005
AUBIGNY EN ARTOIS,48982,50.35297,2.5928044999999997
AUBIN,5550,44.5272762,2.2393127999999995
AUBUSSON,4171,45.9596691,2.1617231
AUCH,191987,43.647488,0.596661
AUDRIEU,14323,49.2161315,-0.5960138
AUDRUICQ,233256,50.87567,2.0763599999999998
AUFFAY,197127,49.716044000000004,1.098441
AULNAT AEROPORT,8009,45.7920571,3.1614332000000003
AULNOYE AYMERIES,597836,50.19749,3.8433699999999997
AUMONT AUBRAC,7100,44.7181699,3.2835489
AUNEAU,30121,48.445824200000004,1.77998
AURAY,786183,47.68022,-2.999995
AUREC,64270,45.3711611,4.1983439
AURILLAC,136951,44.921092,2.435655
AUTERIVE,316911,43.348993,1.468831
AUTUN,63796,46.954874600000004,4.2929079
AUXONNE,270708,47.192663,5.37737
AVALLON,36833,47.4957553,3.9124462999999996
AVESNES,153358,50.126740000000005,3.93295
AVIGNON CENTRE,2158528,43.9419,4.805281
AVIGNON TGV,3652860,43.921586,4.786079
AVIGNONET,17746,43.363876899999994,1.7872686999999998
AVORD,27513,47.0349061,2.6523757000000003
AVRANCHES,16954,48.6902445,-1.3700755
AX LES THERMES,68712,42.7247967,1.8332515999999999
BAILLARGUES,156311,43.6533234,4.0071585
BAILLEUL,944255,50.72916,2.73445
BALBIGNY,77780,45.817858,4.187443
BALSIEGES BOURG,6,44.4820108,3.4560976
BANASSAC LA CANOURGUE,3646,44.447763200000004,3.1958518
BANDOL,304322,43.140344,5.750118
BARENTIN,222939,49.549123,0.9535170000000001
BARSAC,17065,44.605430600000005,-0.3215775
BAS MONISTROL,82163,45.297596,4.139602
BAULE,14919,47.811753499999995,1.6681270000000001
BAUME LES DAMES,160265,47.353937,6.359603
BAYEUX,489769,49.269836,-0.698056
BAYONNE,829006,43.496801,-1.470306
BAZIEGE,50573,43.4535696,1.6205018999999998
BEARD,580,46.8652207,3.3179943999999995
BEAUGENCY,336506,47.778365,1.6259379999999999
BEAULIEU SUR MER,501699,43.706651,7.331544999999999
BEAUMONT LE ROGER,13543,49.0741722,0.7727864999999999
BEAUNE,843437,47.023053000000004,4.848379
BEAUTIRAN,235945,44.701041,-0.45016999999999996
BEDARIEUX,15337,43.6086972,3.1495688
BEDARRIDES,20795,44.0407636,4.8931321
BEDOUS,12640,42.99589,-0.60348
BEGLES,27100,44.799538899999995,-0.5552495
BEILLANT,11,45.7007999,-0.5265079
BELLAC,23075,46.1252044,1.0461168
BELLENAVES,6547,46.199256,3.0665239
BELLEVILLE SUR SAONE,850238,46.111917,4.729028
BELLIGNAT,5208,46.2381265,5.6298849
BELVES,7242,44.777397799999996,1.0118831
BENESSE MAREMNE,9254,43.6277484,-1.3698504999999999
BENGY,12622,47.0004698,2.7492361
BERGERAC,271436,44.857061,0.489174
BERGUES,178905,50.96901,2.4257400000000002
BERNAY,447200,49.087102,0.595634
BESANCON MOUILLERE,76137,47.240372,6.03391
BESANCON VIOTTE,1948332,47.247019,6.022003
BESSAY,11071,46.4435849,3.3606477
BETHUNE,1744515,50.521440000000005,2.64055
BETTON,57640,48.1814803,-1.6344745
BEYNOST,198025,45.833915000000005,5.006969000000001
BEZIERS,1214111,43.33633,3.218873
BIARRITZ,496224,43.459396999999996,-1.545915
BIDARRAY PONT NOBLIA,1739,43.26829910000001,-1.3453233
BIGANOS FACTURE,853936,44.637384000000004,-0.96621
BILLY MONTIGNY,221159,50.41556,2.91206
BIOT,227496,43.610951,7.12609
BLAISY BAS,35558,47.373442700000005,4.7410755
BLANQUEFORT,112764,44.917556,-0.62392
BOEN,11921,45.7413612,4.0051544
BOIS D'OINGT LEGNY,28578,45.9065839,4.575043
BOISSEAUX,7042,48.25662379999999,1.9727681000000001
BOLBEC NOINTOT,6070,49.5914657,0.48482
BOLLENE LA CROISIERE,115731,44.271525,4.707908
BONNEVAL,35211,48.186295799999996,1.3861845
BONNEVILLE,229975,46.077771999999996,6.416524
BONS EN CHABLAIS,93004,46.270046,6.366246
BONSON,57138,45.5221941,4.2163084
BORDS,6178,45.8944625,-0.7985436
BORNEL BELLE EGLISE,278858,49.19471,2.20717
BOUAYE,26796,47.1380806,-1.6810991999999998
BOUCAU,6848,43.5234217,-1.4905872
BOULOGNE TINTELLERIES,286180,50.72729,1.60904
BOULOURIS SUR MER,11894,43.4163471,6.8082519
BOURBOURG,14818,50.952267,2.1942305
BOURG EN BRESSE,1662833,46.200351,5.215063
BOURGES,843252,47.094145000000005,2.394255
BOURGNEUF EN RETZ,14560,47.046963399999996,-1.9551942
BOURGOIN JALLIEU,1765349,45.583954,5.273401
BOURGTHEROULDE THUIT HEBERT,1534,49.3174381,0.8383198000000001
BOURNEZEAU,729,46.6518258,-1.1806169
BOUSSAY LA BRUFFIERE,14045,47.050574100000006,-1.1828046
BOUSSENS,167352,43.179617,0.972543
BOUTHEON,33990,45.524628899999996,4.2777187
BRAM,55774,43.2441014,2.1191467
BRAX LEGUEVIN,191089,43.614887,1.2369219999999999
BRAZEY EN PLAINE,36959,47.1314549,5.2121276
BREAUTE BEUZEVILLE,514962,49.603396000000004,0.41748900000000005
BREIL SUR ROYA,60658,43.944039000000004,7.516327599999999
BRESSUIRE,23188,46.83844620000001,-0.4963269
BREST,1722004,48.38811,-4.478903
BRETENOUX BIARS,14024,44.9273692,1.8436871
BRETIGNY NORGES,10112,47.390044,5.1105838
BRETTEVILLE NORREY,19515,49.203411200000005,-0.5127396
BRIANCON,142121,44.889853,6.633007000000001
BRIGNAIS,274629,45.6737721,4.7636595999999995
BRIGNOUD,235085,45.26245,5.901472
BRION MONTREAL LA CLUSE,32292,46.1757013,5.5585203000000005
BRIONNE,9516,49.1964187,0.7115304
BRIOUDE,77937,45.300649299999996,3.3786343999999997
BRIOUZE,34356,48.7018622,-0.36820359999999996
BRIVE LA GAILLARDE,758883,45.152618,1.5286549999999999
BROU,74844,48.215758799999996,1.1606705
BRUZ,130109,48.0286,-1.7518088
BUEIL,103373,48.9253816,1.4435896000000001
BUGEAT,5992,45.6005968,1.9248147
BUSIGNY,49018,50.0397236,3.4461174
BUSSAC,3155,45.211928,-0.3682457
BUSSIERE GALANT,15815,45.6076224,1.0261372
BUZY EN BEARN,6855,43.1482723,-0.4558864
BYANS,4466,47.1185334,5.8520589
CADAUJAC,41353,44.7520628,-0.5376186
CAEN,2835925,49.176353999999996,-0.347613
CAGNES SUR MER,1180596,43.65813,7.148639999999999
CAHORS,299131,44.449275,1.433325
CALAIS FRETHUN,723716,50.901221,1.810891
CALAIS VILLE,895183,50.953481,1.8508189999999998
CALLAC,23917,48.4062201,-3.419782
CAMBO LES BAINS,4459,43.365624200000006,-1.3966849
CAMBRAI,627458,50.17662,3.24118
CANNES,3503089,43.553839,7.019682
CANNES LA BOCCA,217673,43.548787,6.986600999999999
CAP D'AIL,77459,43.72053820000001,7.394336200000001
CAPDENAC,71224,44.5782458,2.0779631999999997
CAPVERN,3673,43.103345399999995,0.3296393
CARBONNE,211810,43.298206,1.212531
CARCASSONNE,693148,43.218029,2.351824
CARENTAN,182871,49.302482,-1.2449379999999999
CARHAIX,44750,48.2780022,-3.5622172999999995
CARMAUX,76308,44.048782,2.152401
CARNOLES,569840,43.762029999999996,7.481389999999999
CARNOULES,90048,43.2974104,6.186253099999999
CARRY LE ROUET,73731,43.336591999999996,5.153594
CASSIS,256460,43.23406,5.5530550000000005
CASTELNAU D'ESTRETEFONDS,201012,43.786196000000004,1.341761
CASTELNAUDARY,247301,43.312292,1.95039
CASTELSARRASIN,68087,44.0403503,1.1143954
CASTILLON,132624,44.856999,-0.04066
CASTRES,125499,43.599131,2.231223
CAUDERAN MERIGNAC,55965,44.84288,-0.6274337
CAVAILLON,172495,43.834554,5.043613
CENON,503076,44.8563465,-0.5336486999999999
CERCOTTES,36191,47.98615529999999,1.8849813000000002
CERCY LA TOUR,26574,46.8578816,3.6452029
CERIZAY,483,46.817687799999995,-0.6689931
CERONS,256860,44.632346000000005,-0.340526
CEYZERIAT,4123,46.1834877,5.3258417
CHABANAIS,3850,45.8726435,0.7168939999999999
CHABRIS,21423,47.2549836,1.6459423999999998
CHAGNY,314142,46.907269,4.749682
CHALAIS,16505,45.27083270000001,0.0435966
CHALLANS,149736,46.843962,-1.871879
CHALON SUR SAONE,1238458,46.781612,4.843454
CHALONNES,181722,47.343059999999994,-0.74306
CHAMBERY CHALLES LES EAUX,3447007,45.571302,5.919547000000001
CHAMBLY,622939,49.16362,2.24048
CHAMONIX MONT BLANC,134648,45.92277,6.87363
CHAMPAGNE,20618,48.019711799999996,0.33522529999999995
CHAMPAGNEY,44324,47.7031399,6.7012773
CHAMPAGNOLE,28993,46.749298100000004,5.9100314
CHAMPTOCE SUR LOIRE,38102,47.410245700000004,-0.8685746999999999
CHANTENAY,35066,47.1971227,-1.5943633999999998
CHANTILLY GOUVIEUX,2365877,49.18724,2.4597900000000004
CHANTONNAY,17660,46.6898472,-1.0544143999999998
CHAPONOST,80970,45.698488899999994,4.7643014
CHARBONNIERES LES BAINS,241958,45.782142,4.735912
CHARTRES,2572719,48.4482023,1.4813128
CHASSE SUR RHONE,158389,45.582370000000004,4.794843
CHASSENEUIL SUR BONNIEURE,21027,45.824409100000004,0.45355280000000003
CHATEAU DU LOIR,159432,47.683392,0.414912
CHATEAU L'EVEQUE,1317,45.2445887,0.6882106
CHATEAU THIERRY,1826996,49.038224,3.409514
CHATEAUBOURG,417333,48.106361,-1.405159
CHATEAUBRIANT,120640,47.71752120000001,-1.3715152
CHATEAUDUN,97281,48.073463000000004,1.338133
CHATEAUNEUF SUR CHARENTE,48544,45.599835999999996,-0.0502
CHATEAUROUX,728454,46.809737,1.6995360000000002
CHATEL CENSOIR,3339,47.5377695,3.6350455000000004
CHATELAILLON PLAGE,68306,46.0783303,-1.0908909
CHATELLERAULT,453838,46.818594,0.549279
CHAUFFAILLES,22345,46.207455200000005,4.3454277999999995
CHAUGEY,9327,47.0872036,5.2551914
CHAUMONT EN VEXIN,314117,49.261390000000006,1.87274
CHAUNY,483237,49.61119,3.2235400000000003
CHAZAY MARCILLY,13054,45.8729618,4.7252221
CHEMILLE,145513,47.217748,-0.731989
CHEMILLY APPOIGNY,1835,47.89723660000001,3.5543936
CHENONCEAUX,44593,47.330554,1.0661
CHERBOURG,516083,49.633505,-1.621515
CHEVILLY,39508,48.026621500000005,1.8793012999999998
CHINON,118423,47.163047,0.251538
CHOLET,471013,47.065698,-0.869583
CHORGES,24056,44.545841499999995,6.2718887
CINTEGABELLE,78473,43.30542020000001,1.5204268
CIRES LES MELLO,87462,49.2717956,2.3601902999999997
CIVRIEUX D'AZERGUES,6617,45.8591831,4.7182413
CIZE BOLOZON,477,46.21348029999999,5.4540677
CLAMECY,21852,47.4666984,3.5207672
CLERES,129616,49.598964,1.106184
CLERMONT DE L'OISE,926973,49.38531,2.41767
CLERMONT FERRAND,3487397,45.778945,3.100543
CLERMONT LA PARDIEU,248038,45.766946999999995,3.134163
CLERVAL,44943,47.396657700000006,6.4920574
CLISSON,837855,47.086141999999995,-1.2861719999999999
COARRAZE NAY,23642,43.1818351,-0.24164290000000002
COGNAC,128074,45.684682,-0.326112
COLLONGES FONTAINES,73055,45.8291102,4.8466135999999995
COLOMIERS,246880,43.603734,1.3342209999999999
COLOMIERS LYCEE INTERNATIONAL,181352,43.6163055,1.3141156999999999
COMBOURG,266528,48.416090000000004,-1.7279200000000001
COMMENTRY,135685,46.295102,2.739949
COMPIEGNE,2164053,49.422005,2.8236790000000003
CONCHES,96123,48.96236029999999,0.9378895
CONDAT LE LARDIN,28841,45.1267128,1.2267493
CONNERRE BEILLE,158737,48.0735,0.48686999999999997
CORBIE,347950,49.911618299999994,2.4996846
CORBIGNY,4865,47.254807,3.6773226
CORDES VINDRAC,7395,44.067189,1.9002290000000002
CORGOLOIN,12843,47.0841982,4.9171231
CORMERY,101215,47.26254,0.833953
COSNE SUR LOIRE,158219,47.413996000000004,2.931981
COUDEKERQUE BRANCHE,12240,51.01770689999999,2.3751425
COUERON,46990,47.2220412,-1.7235014
COUIZA MONTAZELS,593,42.9423828,2.2481477
COULANGES SUR YONNE,2401,47.5270546,3.5472387999999997
COULIBOEUF,262,48.923748700000004,-0.0984574
COURCAY TAUXIGNY,6041,47.2377076,0.867867
COUTANCES,124199,49.042928,-1.441726
COUTRAS,338056,45.036609999999996,-0.13169
COUZE,151,44.836574,0.7036281999999999
COUZON AU MONT D'OR,40076,45.8486737,4.829478599999999
CRANSAC,3123,44.522951,2.2718666
CRAVANT BAZARNES,7305,47.6785079,3.6811741000000002
CREIL,4607122,49.263757,2.4692439
CREPY EN VALOIS,1683624,49.231235,2.8864693999999997
CREST,58015,44.730154600000006,5.0160968
CROIX SAINTE,3693,43.40883170000001,5.0196445
CROIX WASQUEHAL,6510,50.678557399999995,3.1380315
CROS DE CAGNES,173172,43.660465,7.167111
CUERS PIERREFEU,52377,43.236428100000005,6.0856855
CUGAND,11178,47.0582602,-1.253301
CULOZ,205156,45.843264000000005,5.778784
DANNEMARIE VELESMES,21128,47.2038599,5.8738348
DARDILLY LE JUBIN,39246,45.815143,4.7613451
DARDILLY LES MOUILLES,23723,45.796740899999996,4.7600288
DAX,864607,43.720471999999994,-1.050301
DECIZE,78441,46.837362,3.4672739999999997
DENAIN,32400,50.3345415,3.388699
DIE,48372,44.7582549,5.3632053
DIEPPE,502031,49.921788,1.081133
DIEUPENTALE,78002,43.8654687,1.2760011
DIGOIN,15496,46.4851604,3.9876537000000005
DIJON PORTE NEUVE,133230,47.322806,5.0548720000000005
DOL DE BRETAGNE,380495,48.54425,-1.750536
DOMBLANS VOITEUR,34199,46.7627809,5.5977462
DOMPIERRE,3117,50.146144,3.871144
DOMPIERRE SEPT FONS,15074,46.5263166,3.6749309
DON SAINGHIN,219480,50.551759999999994,2.91458
DONZERE,20780,44.4433646,4.7046262
DORDIVES,39301,48.1471796,2.7628787
DOUAI,2823221,50.371677000000005,3.089986
DRAP CANTARON,35806,43.7599599,7.3168739
DUNKERQUE,1663300,51.03047,2.368961
DURTOL NOHANENT,347,45.79477070000001,3.048557
EBBLINGHEM,27692,50.7306459,2.409148
ECHIROLLES,394714,45.153022,5.718943
ECOLE VALENTIN,5684,47.274983399999996,5.9944745
ECOMMOY,109312,47.824628600000004,0.2691867
ECULLY LA DEMI LUNE,203523,45.7657162,4.7795238
EGLETONS,31158,45.4023816,2.0651243000000004
EMBRUN,99029,44.567008,6.496773
EPERNON,1392274,48.6052471,1.6812578
ESTRESSIN,71330,45.540285,4.868273
ETALANS,43353,47.155884,6.2706173
ETANG,67299,46.8679082,4.1838415
ETAPLES LE TOUQUET,354757,50.51686,1.64231
ETRICHE CHATEAUNEUF,61562,47.656708200000004,-0.46089929999999996
EU,23158,50.054198799999995,1.4168370000000001
EVIAN LES BAINS,153441,46.397915000000005,6.577457000000001
EVRON,181310,48.155501,-0.397338
EYGURANDE MERLINES,1105,45.6453146,2.4610021
EYMOUTIERS VASSIVIERE,34357,45.7397876,1.7412237000000002
EZE,121230,43.7221842,7.3568031000000005
FECAMP,136324,49.759277000000004,0.375287
FEURS,166886,45.744156,4.230573000000001
FEYZIN,114000,45.6658584,4.853134900000001
FIGEAC,137170,44.603515,2.037355
FIRMINY,213812,45.391625,4.28643
FLERS,118812,48.744785,-0.573216
FLEURIEUX SUR L'ARBRESLE,121917,45.8449944,4.660381500000001
FLEURVILLE PONT DE VAUX,14616,46.450927899999996,4.8840722
FLEZ CUZY TANNAY,1032,47.3630583,3.6149926
FOECY,25818,47.1756905,2.1625062
FOIX,181705,42.969746,1.6071469999999999
FOLLIGNY,8596,48.8299461,-1.4072231000000002
FONTAN SAORGE,4716,43.996637799999995,7.5516262
FOS SUR MER,7327,43.428028999999995,4.974579
FOUCART ALVIMARE,7041,49.608289,0.5969601
FOUGERE,2123,46.6653044,-1.2319718000000002
FOURCHAMBAULT,14058,47.0189684,3.0873673
FOURMIES,175997,50.015409999999996,4.05357
FRANCHEVILLE,72127,45.7336473,4.7693729000000005
FRASNE,154920,46.857596,6.157767
FREJUS,188070,43.432032,6.732941
FRENOUVILLE CAGNY,15018,49.141119200000006,-0.2603256
FRESNOY LE GRAND,19992,49.950196399999996,3.4326800000000004
FRONTIGNAN,280570,43.444934,3.758689
FUTUROSCOPE,134012,46.669918,0.377209
GAILLAC,204085,43.905969,1.894855
GAILLON AUBEVOYE,492341,49.174626,1.3524610000000001
GAN,2131,43.2335932,-0.391462
GANNAT,81266,46.0975964,3.2047514
GAP,294714,44.563693,6.085637999999999
GARCHIZY,6,47.042998700000005,3.0858769
GARDANNE,414788,43.455991999999995,5.463332
GAZINET CESTAS,322331,44.772218,-0.69949
GENELARD,9809,46.5812177,4.2379964999999995
GENLIS,220044,47.244578999999995,5.223406
GENOLHAC,26077,44.3471626,3.9516407
GEVREY CHAMBERTIN,91622,47.2274694,4.999058
GIEN,116103,47.699088,2.636205
GIEVRES,49554,47.2787925,1.6678267
GIGNAC CRESSENSAC,436,45.014607399999996,1.4831648000000002
GILLY SUR LOIRE,2677,46.5370137,3.7821607000000004
GIMONT CAHUZAC,43555,43.633052500000005,0.8676246
GIVORS CANAL,51491,45.5957662,4.7725754
GOLFE JUAN VALLAURIS,315547,43.566501,7.0735779999999995
GONCELIN,337837,45.341941,5.974136
GORGES,103820,47.100148700000005,-1.3058778
GOURDON,84878,44.7419445,1.389237
GOURLAND,2325,48.560998100000006,-3.1668191
GRAGNAGUE,13357,43.696179,1.567731
GRAMAT,12205,44.7734284,1.7223028000000002
GRAND COMBE LA PISE,19328,44.209815899999995,4.0329591
GRANVILLE,209162,48.838456,-1.5877569999999999
GRASSE,260180,43.653317,6.925524
GRAVELINES,28939,50.978736,2.1232852
GRENOBLE,7057612,45.191493,5.714583999999999
GRENOBLE UNIVERSITES GIERES,618398,45.184877,5.78474
GRIGNY LE SABLON,71224,45.607260100000005,4.796144
GRISOLLES,76716,43.8269619,1.3023292
GROISY THORENS LA CAILLE,68730,46.011120500000004,6.175680000000001
GUERET,75117,46.174186299999995,1.8793855
GUETHARY,18887,43.425349100000005,-1.6098615
GUIGNICOURT,122047,49.434862,3.9613339999999995
GUINGAMP,636523,48.555659000000006,-3.143343
GUJAN MESTRAS,370600,44.640454,-1.0690600000000001
HAM,122867,49.73985,3.07052
HARFLEUR,4029,49.5136336,0.1989828
HARFLEUR HALTE,3871,49.5059181,0.19208499999999998
HAUBOURDIN,56343,50.6070495,2.990153
HAUTMONT,77176,50.25398,3.9152199999999997
HAZEBROUCK,1619445,50.72501,2.54129
HENDAYE,322527,43.353132,-1.781724
HENIN BEAUMONT,516610,50.41706,2.95211
HENNEBONT,99670,47.7990019,-3.2857467000000002
HERICOURT,124752,47.5729701,6.7691977
HIRSON,102033,49.91455,4.08432
HOULGATE,12321,49.300071100000004,-0.07722760000000001
HYERES,454827,43.108867,6.124223000000001
IMPHY,38022,46.9333537,3.2597112999999998
INGRANDES SUR LOIRE,56089,47.405638200000006,-0.9210198
IS SUR TILLE,154136,47.520454,5.129481
ISSOIRE,424410,45.543884000000006,3.25398
ISSOUDUN,163340,46.948763,1.985834
ISTRES,54825,43.515395299999994,4.9804272
JACQUES MONOD LA DEMI LIEUE,5428,49.526959600000005,0.18614679999999997
JANZE,159868,47.955364,-1.4975379999999998
JARRIE VIZILLE,12850,45.085454299999995,5.7424487
JAUNAY CLAN,24999,46.682044,0.3816535
JEUMONT,73200,50.29606,4.08645
JOIGNY,326242,47.973843,3.393082
JONZAC,99371,45.4387456,-0.44164
JOUE LES TOURS,54472,47.3541741,0.6675585999999999
JOUY,96491,48.5102582,1.5573972
JUAN LES PINS,674569,43.570896000000005,7.111439999999999
LA BARASSE,8554,43.285838399999996,5.4845101
LA BAULE ESCOUBLAC,430546,47.28869,-2.389102
LA BAULE LES PINS,21261,47.2835196,-2.3648441000000004
LA BERNERIE EN RETZ,23817,47.08326160000001,-2.0341408
LA BOHALLE,24016,47.4342356,-0.40004259999999997
LA BONNEVILLE SUR ITON,6705,48.9884615,1.0350139999999999
LA BRIGUE,2694,44.0625669,7.6056235
LA BRILLANNE ORAISON,36763,43.9247771,5.8923199
LA BROHINIERE,11065,48.2134717,-2.110452
LA CHAIZE LE VICOMTE,4720,46.676778999999996,-1.2820678
LA CHAPELLE CENTRE,25404,47.297202899999995,-1.5480120000000002
LA CHARITE SUR LOIRE,134967,47.179914000000004,3.023883
LA CLAYETTE BAUDEMONT,24523,46.2881469,4.2984195
LA COQUILLE,17110,45.540850899999995,0.9744004999999999
LA COURONNE CARRO,21672,43.339807799999996,5.051707700000001
LA CRAU,56357,43.1449352,6.0687663
LA FERE,104921,49.65802,3.3698099999999998
LA FERTE BERNARD,286134,48.186488700000005,0.6397109999999999
LA FERTE IMBAULT,11904,47.3835442,1.9580537
LA FERTE MILON,97098,49.1797269,3.1207222999999997
LA FONTAINE,3634,50.566145899999995,2.9261079
LA FOUILLOUSE,6627,45.4977675,4.317083900000001
LA FRAYERE,58456,43.5581088,6.9720902
LA GARDE,108379,43.1187044,6.0100767
LA HUME,125580,44.639879,-1.116
LA HUTTE COULOMBIERS,14966,48.303495,0.1056788
LA JARRIE,9346,46.12045,-1.02347
LA JONCHERE,12394,45.994457700000005,1.4803853
LA MARCHE,413,47.1396975,3.0395467999999997
LA MENITRE,133806,47.397422,-0.275818
LA MIOUZE ROCHEFORT,530,45.7636525,2.8276967999999996
LA MOTHE ACHARD,50511,46.6068648,-1.6596359
LA PAULINE HYERES,96754,43.1364769,6.0351027
LA PENNE SUR HUVEAUNE,65286,43.2846765,5.5155698
LA POMME,5903,43.290516499999995,5.4413152
LA POSSONNIERE,109779,47.3713848,-0.6917009
LA REDONNE ENSUES,41776,43.33447,5.1975675
LA REOLE,195791,44.579741999999996,-0.03057
LA RICAMARIE,7720,45.4041516,4.360686
LA RIVIERE DE MANSAC,177,45.139681,1.3655086
LA ROCHE MAURICE,13113,48.4740885,-4.2050964
LA ROCHE SUR FORON,344195,46.06756,6.303885
LA ROCHE SUR YON,847396,46.67212,-1.4356209999999998
LA ROCHEFOUCAULD,3766,45.7401921,0.3895946
LA SEYNE SIX FOURS,293355,43.116959,5.876966
LA SOUTERRAINE,179872,46.239792,1.492151
LA SUZE,134033,47.8919891,0.026636700000000003
LA TESTE,336431,44.636924,-1.14295
LA TOUR DE SALVAGNY,127182,45.799881799999994,4.716492099999999
LA TOUR DU PIN,844473,45.560277,5.450092
LA TRINITE VICTOR,55930,43.7427854,7.3114604000000005
LA VALBONNE,180282,45.849225,5.124911
LA VERPILLIERE,850344,45.6276,5.150866000000001
LABEGE INNOPOLE,144726,43.5473613,1.5129784
LABEGE VILLAGE,9169,43.530536700000006,1.5329207
LABENNE,30245,43.587050899999994,-1.4288712
LABOUHEYRE,61925,44.2106292,-0.9209296
LABRUGUIERE,5795,43.5425692,2.2594727999999997
LACOURTENSOURT,30550,43.6638838,1.4138687
LAGUEPIE,4258,44.1455256,1.9692195
LALBENQUE FONTANES,5380,44.3332389,1.5116628
LALINDE,22985,44.8396152,0.7427811
LAMAGISTERE,18339,44.1267231,0.8255002
LAMANON,30637,43.6999662,5.0913333
LAMBALLE,444534,48.46606,-2.511546
LAMOTHE LANDERRON,2429,44.5628433,0.0451406
LAMOTHE MONTRAVEL,3147,44.8537384,0.0215683
LAMURE SUR AZERGUES,21666,46.061083399999994,4.4921137
LANCERF,358,48.761873,-3.1181396
LANCEY,139352,45.2344784,5.8809758
LANDERNEAU,567152,48.453571999999994,-4.256528
LANDEVANT,40947,47.759578000000005,-3.1251312999999996
LANDIVISIAU,128925,48.496002000000004,-4.082180999999999
LANDRECIES,17320,50.1283138,3.681997
LANDRY,35932,45.574171299999996,6.7338182
LANGEAC,20721,45.10125,3.490672
LANGEAIS,212658,47.324114,0.41055699999999995
LANGOGNE,25211,44.732776,3.8573047
LANGON,701339,44.555448,-0.25554
LANNEMEZAN,73290,43.114273,0.387367
LANNION,192072,48.727638,-3.460353
LAON,677171,49.570609999999995,3.6244300000000003
LAPEYROUSE,4130,46.2267825,2.893393
LAQUEUILLE,4582,45.646820500000004,2.7046523999999996
LARAGNE,20265,44.3164984,5.8189832
LARCHE,16,45.1321707,1.416143
LARDENNE,14783,43.5966262,1.3839252
LAROCHE MIGENNES,340741,47.960998,3.5131910000000004
LAROQUEBROU,3546,44.964165799999996,2.1929167
LATHUS,537,46.3380917,0.965009
LATOUR DE CAROL ENVEITG,47425,42.4590464,1.9045026999999999
LAVAL,1340455,48.076206,-0.760907
LAVAUFRANCHE,421,46.321286900000004,2.2700972000000004
LAVAUR,121098,43.703478999999994,1.813146
LAVILLEDIEU,9992,44.035518599999996,1.2149646
LE BREUIL SUR COUZE,20625,45.4670838,3.2621477999999997
LE BUGUE,10156,44.905689200000005,0.942795
LE BUISSON,43165,44.847229999999996,0.9081756
LE CATEAU,21113,50.091460600000005,3.5400454
LE CENDRE ORCET,118959,45.723796,3.188666
LE CHAMBON FEUGEROLLES,28741,45.3947427,4.322382299999999
LE COTEAU,77133,46.023984000000006,4.086248
LE CREUSOT,120327,46.807815000000005,4.4304403
LE CROISIC,103756,47.289836,-2.5074419999999997
LE DORAT,17164,46.2110908,1.0793363999999999
LE GRAND JARDIN,27263,49.15058270000001,0.2271143
LE GRAND LEMPS,91910,45.3966261,5.4231117
LE HAVRE,1651915,49.492996000000005,0.125677
LE HAVRE GRAVILLE,1484,49.4998007,0.16085510000000003
LE LIORAN,22312,45.0905458,2.7533365
LE MANS,4916622,47.995689,0.192578
LE MERLERAULT,521,48.7024888,0.28321690000000005
LE MOLAY LITTRY,19002,49.2493263,-0.8809741
LE PALLET,183384,47.143831,-1.346898
LE PEAGE DE ROUSSILLON,799488,45.371796999999994,4.795401999999999
LE PLESSIS BELLEVILLE,615627,49.095903299999996,2.7448072999999997
LE POULIGUEN,70391,47.282540399999995,-2.4331446
LE PUY EN VELAY,232241,45.042866,3.892421
LE QUESNOY,393995,50.250209999999996,3.64552
LE ROUGET,9298,44.8565391,2.2355042999999997
LE TEICH,214704,44.632507000000004,-1.025556
LE TEIL,4794,44.552528499999994,4.685992
LE THOR,38304,43.9265047,4.9962663
LE TOEC,3553,43.5956037,1.4014496
LE VALDAHON,150733,47.14975,6.342275
LE VALDAHON CAMP MILITAIRE,3377,47.151045200000006,6.3148621
LE VIEUX BRIOLLAY,20784,47.5739696,-0.48293959999999997
LENS,1495770,50.426818,2.8282540000000003
LENTILLY,313126,45.82163,4.667103
LES ARCS DRAGUIGNAN,744501,43.455524,6.4824980000000005
LES BARDYS,4371,45.9046873,1.377389
LES CABANNES,6572,42.7862854,1.6862985000000001
LES CAUQUILLOUS,9895,43.7340198,1.7546798
LES ECHETS,146987,45.8746675,4.9108215
LES EYZIES,17280,44.9411916,1.0081942
LES FLACHERES,1432,45.7774345,4.7541523
LES FONTINETTES,25605,50.940831,1.8496343000000002
LES HOUCHES,19264,45.8935639,6.796924000000001
LES LAUMES ALESIA,159684,47.543054,4.4626019999999995
LES MOUTIERS EN RETZ,14809,47.061898299999996,-2.0009628
LES PERRIERES,746,47.0055213,3.1467144
LES QUATRE ROUTES,1383,44.9974864,1.6439066999999998
LES RAMASSIERS,6410,43.6024594,1.3528031999999999
LES ROSIERS SUR LOIRE,53053,47.3625386,-0.2205371
LES SABLES D'OLONNE,386709,46.499916999999996,-1.78105
LESPARRE,86740,45.3035166,-0.9454014999999999
LESQUIN,167601,50.59068,3.1177099999999998
LEUCATE LA FRANQUI,53643,42.9327725,3.0128555
LEXOS,6027,44.142395799999996,1.8851014
LEZOUX,74855,45.821217499999996,3.385986
LIBERCOURT,771411,50.48025,3.00867
LIBOURNE,1239181,44.915888,-0.236344
LIGUGE,6316,46.5203091,0.33317329999999995
LILLE CHR,239606,50.61432,3.03432
LILLE FLANDRES,19284090,50.636577,3.06987
LILLERS,210324,50.56163,2.47903
LIMOGES BENEDICTINS,1458785,45.836089,1.267356
LIMOGES MONTJOVIS,13720,45.8384117,1.2514147
LIMOUX,4776,43.0563831,2.2228288
LIMOUX FLASSIAN,1621,43.0684511,2.2182832
LISIEUX,1070435,49.138298999999996,0.231143
LISLE SUR TARN,64558,43.856390000000005,1.80823
LISON,190364,49.226834000000004,-1.050339
LIVRON,48642,44.7796035,4.830541200000001
LOCHES,220117,47.130464,1.000467
LONGAGES NOE,85589,43.3563239,1.2519528999999998
LONGUEAU,439365,49.863440000000004,2.35215
LONGUERUE VIEUX MANOIR,11120,49.5566781,1.2762275
LONGUEVILLE SUR SCIE,24211,49.7917558,1.1103433999999999
LONS LE SAUNIER,327804,46.66858,5.551108
LOOS LEZ LILLE,28581,50.6128165,3.0170581000000003
LORIOL,45255,44.7544973,4.8171679
LOUHANS,26942,46.6309,5.2174853
LOULAY,1071,46.043516499999996,-0.5017524999999999
LOURDES,375349,43.10037,-0.042174
LOURES BARBAZAN,1101,43.021075,0.6104494
LOUROUX DE BOUBLE,1573,46.2241289,2.9849368
LOUVERNE,968,48.1088564,-0.7144109000000001
LOZANNE,270352,45.85414,4.681501
LUC EN DIOIS,6384,44.6136615,5.4546227
LUC PRIMAUBE,4749,44.2913982,2.5544751
LUCHON,23722,42.7972746,0.5964686
LUCON,55019,46.4638232,-1.1674216999999998
LUDON,37270,44.9744015,-0.6118009
LUNEL,629093,43.679392,4.131086
LUNEL VIEL,4499,43.6811729,4.0937398
LURE,169657,47.683269,6.4925787
LUS LA CROIX HAUTE,4526,44.6709898,5.6973678
LUSIGNAN,42193,46.435494899999995,0.11655499999999999
LUSSAC LES CHATEAUX,19520,46.4051106,0.7186918000000001
LUXEUIL LES BAINS,21188,47.8148606,6.3726593000000005
LUZENAC GARANOU,8507,42.7642849,1.7531248
LUZY,25180,46.79407929999999,3.9693245000000004
LYON GORGE DE LOUP,646409,45.766078,4.804631
LYON JEAN MACE,857555,45.74495,4.8413900000000005
LYON PART DIEU,32537822,45.760559,4.859355
LYON PERRACHE,5678086,45.748476000000004,4.8257330000000005
LYON VAISE,568689,45.779938,4.80396
MACAU,44811,45.0040981,-0.6200068
MACHECOUL,66000,46.99050379999999,-1.8227523999999997
MACHILLY,17101,46.2512825,6.3282335
MAINTENON,1186265,48.585479299999996,1.5920651000000001
MALAUNAY LE HOULME,80870,49.513333100000004,1.0395775999999999
MANDELIEU LA NAPOULE,100620,43.523903000000004,6.941313
MANOSQUE GREOUX LES BAINS,110502,43.8231945,5.7933240999999995
MARCHEPRIME,374402,44.690543,-0.8538100000000001
MAREUIL SUR OURCQ,98697,49.13554179999999,3.075653
MARGAUX,27648,45.035830700000005,-0.6854145
MARLE SUR SERRE,49286,49.747192,3.7695800999999998
MARLIEUX CHATILLON,102360,46.0638765,5.0731097
MARMAGNE,5714,47.1001505,2.2819971000000003
MARMANDE,419848,44.503019,0.168044
MAROEUIL,13588,50.322603,2.6983279
MARSEILLE BLANCARDE,424347,43.29614391,5.406559
MARTIGUES,41142,43.3929209,5.0257804
MARVEJOLS,21787,44.54468189999999,3.2810718
MASSERAC,10227,47.6745316,-1.9144441000000003
MASSERET,4757,45.536175,1.5415396000000001
MASSIAC BLESLE,29593,45.253769500000004,3.1965517999999995
MAUBEUGE,477615,50.27298,3.96677
MAURS,11296,44.706154299999994,2.1995656
MAUVES SUR LOIRE,18128,47.293021100000004,-1.3893042
MAUZE,67241,46.1995881,-0.6737264000000001
MAZAMET,48875,43.497784700000004,2.3747346
MENDE,26699,44.522321999999996,3.5019875
MENTON,1704152,43.774444,7.4933
MENTON GARAVAN,196796,43.785202000000005,7.517297
MER,213117,47.705859999999994,1.506373
MERENS LES VALS,2318,42.6594883,1.8371278000000002
MERENVIELLE,61334,43.6365051,1.1503303
MERU,804890,49.23233,2.13254
MESSAC GUIPRY,228442,47.82225,-1.8182200000000002
MESVES BULCY,3006,47.2420755,3.0065174999999997
MEURSAULT,16723,46.96904970000001,4.7954444
MEXIMIEUX PEROUGES,681491,45.901615,5.193534
MEYMAC,17328,45.5302313,2.1640905
MEYRARGUES,55461,43.6440076,5.539573799999999
MEZERIAT,41173,46.2350502,5.046622
MILLAU,50825,44.102344,3.07457
MINIAC,371,48.531513399999994,-1.9147869999999998
MIONNAY,90023,45.8966784,4.919752
MIRAMAS,617949,43.580704,5.000264
MIRIBEL,274363,45.822088,4.95394
MODANE,205051,45.193365,6.658161
MOIRANS,663292,45.322185,5.581915
MOIRANS LA GALIFETTE,163353,45.324154,5.565169999999999
MOISSAC,66280,44.1024178,1.077345
MONESTIER DE CLERMONT,23908,44.911996,5.6339702
MONETEAU GURGY,16274,47.8507856,3.5798071000000005
MONISTROL D'ALLIER,1382,44.9696648,3.6500424
MONNAIE,32319,47.498749100000005,0.7932851
MONSEMPRON LIBOS,35246,44.486631,0.9412277
MONT DE MARSAN,316906,43.884898,-0.50466
MONTARGIS,1645443,48.006862,2.742783
MONTASTRUC LA CONSEILLERE,117848,43.715984999999996,1.5979
MONTATAIRE,32123,49.2510365,2.4362155
MONTAUBAN DE BRETAGNE,174436,48.190241,-2.052675
MONTAUBAN VILLE BOURBON,967481,44.014387,1.341496
MONTAUDRAN,22343,43.5734591,1.4804356
MONTAUT BETHARRAM,246,43.1269731,-0.1982813
MONTBARD,362914,47.618747,4.33616
MONTBARTIER,43759,43.9241555,1.264501
MONTBRISON,136654,45.604454,4.078282
MONTCEAU LES MINES,53885,46.6706636,4.3610264
MONTCHANIN,69086,46.7592649,4.4814867
MONTENDRE,39578,45.280545700000005,-0.3961726
MONTEROLIER BUCHY,33488,49.6031854,1.3347457
MONTFAVET,23635,43.932635,4.873943
MONTFERRAND THORAISE,2320,47.1847414,5.9074815
MONTFORT LE GESNOIS,42605,48.0405657,0.4064237
MONTFORT SUR MEU,361647,48.138878000000005,-1.949141
MONTIVILLIERS,23296,49.5429758,0.189426
MONTLAUR,2600,43.475240500000005,1.5776454
MONTLUEL,454540,45.847770000000004,5.057503
MONTMELIAN,457599,45.503059,6.043289
MONTMOREAU,10751,45.398298700000005,0.1380013
MONTMORILLON,32379,46.4174979,0.8737466999999999
MONTPAON,192,43.8685236,3.1097221
MONTPON MENESTEROL,128349,45.006326,0.159328
MONTRABE,36713,43.6450204,1.5240482
MONTREJEAU GOURDAN POLIGNAN,112009,43.078109000000005,0.5735
MONTREUIL BELLAY,5807,47.125418100000005,-0.14828339999999998
MONTREUIL SUR ILLE,247309,48.307292,-1.6741549999999998
MONTRICHARD,79629,47.3437658,1.1717596000000001
MONTROC LE PLANET,4196,45.996415,6.9345425
MONTROND LES BAINS,100717,45.644428999999995,4.248814
MONTS,127149,47.2818,0.6544800000000001
MONTVILLE,137586,49.551284,1.0700459999999998
MORANNES,49119,47.7390902,-0.41796930000000004
MORCENX,147913,44.033565,-0.90864
MOREZ,22414,46.526216600000005,6.023578
MORGNY,21282,49.523218299999996,1.2478526
MORLAIX,551004,48.57797,-3.8325139999999998
MORRE,10191,47.2259417,6.0673029000000005
MORTEAU,138713,47.053727,6.604653
MOTTEVILLE,82013,49.6365717,0.8497988000000001
MOUCHARD,97303,46.976911,5.799644
MOULINS SUR ALLIER,677474,46.561346,3.3388419999999996
MOULIS LISTRAC,21411,45.084027299999995,-0.7447365
MOULT ARGENCES,52825,49.1111851,-0.1864355
MURAT,16401,45.109148299999994,2.8696045
MURET,647461,43.464824,1.324449
MUSSIDAN,157079,45.034329,0.354071
NAJAC,6466,44.221802000000004,1.9761625
NANTES,11811037,47.216148,-1.5423559999999998
NANTEUIL LE HAUDOUIN,410324,49.14275,2.7945900000000004
NANTIAT,14570,46.005619200000005,1.1563733999999999
NARBONNE,1225596,43.190387,3.0059099999999996
NAUCELLE,13756,44.1854793,2.3635040000000003
NEGRONDES,1607,45.34602879999999,0.8611999
NEUSSARGUES,22999,45.1253044,2.9791866000000002
NEVERS,818644,46.987282,3.150743
NEVERS LE BANLAY,47715,47.0068974,3.1636746
NEXON,47463,45.6915692,1.1784396000000001
NICE PONT MICHEL,20167,43.72254,7.29142
NICE RIQUIER,2116248,43.705554,7.290175
NIEPPE,84376,50.6966975,2.8289655
NIEUL,1458,45.9273896,1.1723974
NIOLON,29873,43.340222999999995,5.2569415
NIORT,1166545,46.319491,-0.454639
NIVERSAC,7633,45.1383083,0.8082195
NOGENT L'ARTAUD CHARLY,436323,48.968872,3.3220981
NOMAIN,4315,50.5023744,3.2063499
NONANCOURT,9831,48.7757257,1.1929162
NOYEN,73388,47.8744544,-0.0981755
NOYON,534211,49.57736,3.00641
NUITS SOUS RAVIERES,27520,47.729114200000005,4.211186
NURIEUX,18300,46.1842195,5.5327486
OBJAT,4329,45.264733500000006,1.4068293
OGEU LES BAINS,7030,43.153939,-0.5076467
OISSEL,343687,49.343059999999994,1.101799
OLLIOULES SANARY SUR MER,336111,43.122586,5.824979
OLONNE SUR MER,8271,46.5486605,-1.76738
ONDRES,8719,43.5685809,-1.4571793
ORANGE,378570,44.137304,4.819594
ORCHAMPS,46845,47.15009620000001,5.659147
ORCHIES,923264,50.47705,3.2488799999999998
ORGON,9489,43.7859131,5.045673799999999
ORLEANS,3436479,47.907959999999996,1.904666
ORRY LA VILLE COYE,1465485,49.13895,2.49
ORTHEZ,151117,43.484242,-0.76776
OUDON,109963,47.343365500000004,-1.291992
OULLINS,146425,45.7166261,4.8135793
OYONNAX,89149,46.259741999999996,5.653338
PAGNY,10308,47.046249200000005,5.2010538
PAIMPOL,59474,48.77694,-3.0460958
PAMIERS,267380,43.116207,1.619451
PARAY LE MONIAL,116990,46.447312,4.1137440000000005
PAREMPUYRE,34682,44.9447032,-0.6193396
PARENT COUDES CHAMPEIX,55894,45.6139737,3.2178245
PAS DES LANCIERS,111945,43.409655,5.253822
PAU,725078,43.291762,-0.369626
PAUILLAC,60960,45.203843799999994,-0.7551342
PAULHAGUET,1246,45.210197799999996,3.5004445
PAVILLY,159916,49.563897,0.950644
PEILLE,9778,43.7920239,7.3800257
PENHOET,33875,47.290744399999994,-2.2008664000000002
PERENCHIES,71974,50.66697,2.97729
PERIGUEUX,767758,45.187408000000005,0.707879
PERPIGNAN,1370425,42.696292,2.879779
PERRIGNIER,43735,46.303259000000004,6.4249208
PERTUIS,16784,43.6845547,5.5037023000000005
PESSAC,830270,44.80461,-0.63185
PEYREHORADE,15140,43.5468102,-1.1157576999999999
PHALEMPIN,304017,50.5154,3.0199
PIBRAC,107356,43.621364,1.2892370000000002
PIERRE BUFFIERE,17974,45.6995226,1.3472667
PIERRELATTE,258083,44.374719,4.7037830000000005
PINS JUSTARET,139920,43.479213,1.399645
PLANCOET,11125,48.5216785,-2.2289207
PLOUARET TREGOR,108058,48.6062816,-3.4668231
PODENSAC,73778,44.6489664,-0.35890570000000005
POITIERS,3010346,46.582275,0.333241
POLIGNY,76978,46.8443393,5.7001051
POLLIAT,5416,46.244640000000004,5.1238268
PONS,25663,45.578076700000004,-0.5389124
PONT D'AIN,21678,46.053961,5.334328500000001
PONT DE BEAUVOISIN,165824,45.524636,5.680772
PONT DE BUIS,12148,48.2544024,-4.0861227
PONT DE DORE,55333,45.8427833,3.4903254
PONT DE L'ARCHE,7213,49.3170928,1.1596559
PONT DE VEYLE,38597,46.2679114,4.8930347
PONT DU CASSE,573,44.2328145,0.6758568
PONT DU CHATEAU,44687,45.788554299999994,3.2377828999999996
PONT L'EVEQUE,94065,49.287037899999994,0.19219470000000002
PONT SUR YONNE,84924,48.286287,3.201463
PONTARLIER,175873,46.900944,6.353524
PONTCHATEAU,212620,47.435399,-2.0882009999999998
PONTGIBAUD,417,45.8210001,2.8458031000000004
PONTGOUIN,17267,48.477866999999996,1.1414358999999998
PONTMORT,16232,45.939485999999995,3.1601248
PONTRIEUX,5835,48.7056437,-3.1574281
PONTRIEUX HALTE,3350,48.6980361,-3.1644959
PORNIC,111603,47.1145616,-2.0975565
PORNICHET,120557,47.2705354,-2.3445765
PORT BRILLET,59807,48.1106724,-0.9740681999999999
PORT DE BOUC,44933,43.4071317,4.984600599999999
PORT LA NOUVELLE,71159,43.0199342,3.0388188
PORTE PUYMORENS,2777,42.539136,1.8248461999999999
PORTETS,101476,44.6929765,-0.42539309999999997
POUGNY CHANCY,5158,46.1446674,5.9613614
POUGUES LES EAUX,12061,47.07678370000001,3.0940304
POUILLY SUR LOIRE,7249,47.2821696,2.9660634
POUZAUGES,737,46.7523536,-0.8146784
PRECY SUR OISE,77790,49.203349200000005,2.3764638
PREIGNAC,4025,44.5783064,-0.3022296
PUGET VILLE,16446,43.283085,6.1384483
PUYOO,35064,43.524542499999995,-0.9108149
QUESNOY SUR DEULE,1248,50.708136100000004,2.9952832000000003
QUESTEMBERT,130897,47.6831803,-2.4496002
QUILLAN,9141,42.873960700000005,2.1815581
QUIMPER,951271,47.994455,-4.092103
QUIMPERLE,269283,47.869375,-3.552693
QUINCIEUX,63708,45.9068815,4.778564299999999
RAISMES,42094,50.3902495,3.4788322
RANCHOT,54018,47.1525633,5.7246607
RANGUIN,58424,43.5691636,6.969313400000001
RASSUEN,2946,43.4966716,4.9731266
RECQUIGNIES,6514,50.2840466,4.0445029
REDON,723108,47.652004,-2.08777
REGNY,39049,45.987705,4.2150753
REIGNIER,30905,46.1256159,6.267546599999999
RENESCURE,22340,50.732006,2.3713644
RENNES,10418643,48.103517,-1.6727439999999998
RETIERS,38574,47.9132599,-1.3898438999999998
RETOURNAC,40933,45.201346799999996,4.036116900000001
REZE PONT ROUSSEAU,176216,47.1932425,-1.5495444999999999
RIEUX ANGICOURT,128734,49.29866,2.5214
RIOM CHATEL GUYON,831471,45.889965000000004,3.120498
RIVARENNES,19409,47.2677425,0.36189990000000005
RIVE DE GIER,658605,45.524324,4.606648000000001
RIVES,320734,45.357535,5.491893
ROANNE,852143,46.039383,4.063207
ROCAMADOUR PADIRAC,5726,44.818356200000004,1.6573487
ROCHEFORT,400533,45.947189,-0.963556
RODEZ,162690,44.362633,2.5805599999999997
ROGNAC,205256,43.4866,5.230666
ROMANS BOURG DE PEAGE,335904,45.048857,5.0498
ROMILLY LA PUTHENAYE,11751,49.0039213,0.8548621
RONCHAMP,30923,47.699030799999996,6.6232790999999995
RONCHIN,41638,50.604566399999996,3.0783734000000003
ROSPORDEN,141427,47.960273,-3.832763
ROSULT,63529,50.456366700000004,3.3490114999999996
ROUBAIX,186867,50.695609999999995,3.16348
ROUEN RIVE DROITE,5808945,49.448764000000004,1.094087
ROUMAZIERES LOUBERT,3106,45.889348299999995,0.5789743
ROYAN,182523,45.625886,-1.0167030000000001
RUE,99067,50.27308,1.6757
RUELLE,3501,45.6764185,0.2213325
RUMILLY,551816,45.862989,5.947938
SABLE SUR SARTHE,555714,47.8415934,-0.3419359
SAILLANS,9770,44.6944365,5.1940397
SAIN BEL,176680,45.811097,4.6012445
SAINCAIZE,909,46.9314165,3.0718704
SAINS DU NORD,53732,50.0889485,4.0016955
SAINT AGNAN,933,46.5020038,3.8788002
SAINT AGNE,918005,43.579674,1.450209
SAINT AMAND LES EAUX,726583,50.44331,3.41952
SAINT AMOUR,43525,46.4338244,5.3341853
SAINT ANDRE DE CORCY,230575,45.925911,4.948846
SAINT ANDRE DE CUBZAC,489496,44.991254999999995,-0.440479
SAINT ANDRE LE GAZ,140911,45.544518,5.524187
SAINT ANTOINE,33061,43.3695993,5.3578102
SAINT ANTOINE DE BREUILH,4979,44.846687700000004,0.15195999999999998
SAINT ASTIER,132628,45.139027,0.5228079999999999
SAINT AUBIN SUR SCIE,10580,49.8717479,1.0666642
SAINT BONNET DE ROCHEFORT,5543,46.148379600000005,3.1393877
SAINT BRIEUC,1235284,48.50758,-2.765
SAINT CESAIRE,12823,43.8133863,4.3276399
SAINT CHAMAS,64155,43.551157700000005,5.0402963
SAINT CHAMOND,620745,45.472570000000005,4.51695
SAINT CHELY D'APCHER,37726,44.8017375,3.2706895
SAINT CHRISTOPHE,5040,44.464619,2.4077585
SAINT CLAIR LES ROCHES,491215,45.450392,4.769707
SAINT CYPRIEN ARENES,229435,43.593438,1.417986
SAINT DALMAS DE TENDE,4602,44.055820000000004,7.5834505000000005
SAINT DENIS DE PILE,27509,44.9786053,-0.1980825
SAINT EMILION,89643,44.8811665,-0.1592003
SAINT ERME,72014,49.5269865,3.8576502
SAINT ETIENNE BELLEVUE,112336,45.417128000000005,4.392734
SAINT ETIENNE CARNOT,111406,45.446976,4.385317
SAINT ETIENNE CHATEAUCREUX,3387131,45.443366,4.399722
SAINT ETIENNE DE MONTLUC,83765,47.2747167,-1.7857107
SAINT ETIENNE DU ROUVRAY,25943,49.3771553,1.1095673000000001
SAINT ETIENNE LA TERRASSE,92732,45.464843,4.379601
SAINT ETIENNE LE CLAPIER,44812,45.4371122,4.3782267
SAINT FLORENTIN VERGIGNY,60389,47.981058000000004,3.731036
SAINT FONS,54319,45.7058114,4.8525663
SAINT GAUDENS,181915,43.105034,0.729104
SAINT GEORGES D'AURAC,4070,45.1605341,3.4947035000000004
SAINT GEORGES DE COMMIERS,2002,45.0437667,5.701787400000001
SAINT GEORGES DE RENEINS,57702,46.062195200000005,4.7188908
SAINT GEOURS,7146,43.6713719,-1.2412598999999997
SAINT GERMAIN AU MONT D'OR,350384,45.888352000000005,4.804265
SAINT GERMAIN DES FOSSES,111599,46.209185,3.430614
SAINT GERMAIN LES BELLES,13497,45.6098703,1.4800396999999998
SAINT GERMAIN SUR ILLE,45270,48.2394802,-1.6541804
SAINT GILLES CROIX DE VIE,99438,46.696466,-1.941296
SAINT HILAIRE BRIZAMBOURG,306,45.85007,-0.5347155
SAINT HILAIRE DE CHALEONS,20289,47.1057704,-1.8650604
SAINT JEAN D'ANGELY,35005,45.9407739,-0.5097829
SAINT JEAN DE LOSNE,49342,47.0997302,5.2441226
SAINT JEAN DE MAURIENNE ARVAN,282650,45.277542,6.354716000000001
SAINT JEAN PIED DE PORT,50058,43.167939399999995,-1.2380129
SAINT JULIEN DU SAULT,26061,48.0269195,3.302688
SAINT JULIEN EN GENEVOIS,152415,46.142044,6.0855358
SAINT JUNIEN,17115,45.8813844,0.9004849
SAINT LAURENT DU VAR,702731,43.662451000000004,7.194413000000001
SAINT LAURENT EN GRANDVAUX,12442,46.574797499999995,5.9512119000000006
SAINT LEU D'ESSERENT,118327,49.2140819,2.4177845000000002
SAINT LO,186638,49.116975,-1.099525
SAINT LOUBES,74088,44.9224009,-0.43330559999999996
SAINT MALO,1135793,48.646859,-2.0041580000000003
SAINT MARCEL EN DOMBES,67676,45.9503701,4.9775148
SAINT MARTIN D'ONEY,41402,43.9301115,-0.6516933000000001
SAINT MARTIN DU MONT,3486,46.095871,5.3030029999999995
SAINT MARTIN DU VIVIER,4133,49.470415100000004,1.1615438
SAINT MAURICE DE BEYNOST,178954,45.827421,4.976986
SAINT MEDARD DE GUIZIERES,36412,45.0155723,-0.0488253
SAINT MICHEL VALLOIRE,89374,45.216916,6.4719135
SAINT NAZAIRE,851047,47.286412,-2.211096
SAINT OMER,865702,50.753620399999996,2.2667624
SAINT PAUL DE VARAX,81357,46.1000331,5.128204599999999
SAINT PERAY,3080,44.94771,4.85035
SAINT PIERRE D'ALBIGNY,107951,45.557396999999995,6.156151
SAINT PIERRE D'AURILLAC,5491,44.575245200000005,-0.1876216
SAINT PIERRE DU VAUVRAY,2637,49.2339135,1.2248947000000001
SAINT PIERRE LA COUR,63282,48.113596799999996,-1.0252972
SAINT PIERRE LE MOUTIER,8263,46.793237299999994,3.1117427
SAINT PIERRE SUR DIVES,37490,49.0231057,-0.040585500000000004
SAINT POL SUR TERNOISE,165659,50.379129999999996,2.3393900000000003
SAINT PRIEST,129393,45.686659000000006,4.934242
SAINT QUENTIN,1082819,49.840048200000005,3.2970089
SAINT RAMBERT D'ALBON,271816,45.297796999999996,4.810849
SAINT RAMBERT EN BUGEY,12328,45.94733970000001,5.4386220000000005
SAINT RAPHAEL VALESCURE,1007163,43.423559999999995,6.769083
SAINT ROMAIN LE PUY,40735,45.55455429999999,4.1208275
SAINT ROME DE CERNON,1755,44.013981,2.9673743999999997
SAINT SAVIOL,28325,46.1470046,0.2179
SAINT SEBASTIEN,4003,46.385993799999994,1.5466809
SAINT SEBASTIEN FRENE ROND,26294,47.190391399999996,-1.4957437
SAINT SEBASTIEN PAS ENCHANTES,31292,47.2069513,-1.5109069
SAINT SEURIN SUR L'ISLE,109771,45.011407500000004,-0.0026606
SAINT SULPICE IZON,69468,44.9142742,-0.392135
SAINT SULPICE LAURIERE,33281,46.046918299999994,1.4762218
SAINT VALLIER SUR RHONE,257641,45.186395000000005,4.81439
SAINT VICTOR,13998,49.6770346,1.1097122
SAINT VICTOR THIZY,19050,46.002478100000005,4.2810245
SAINT VICTURNIEN,1825,45.876588700000006,1.0095737
SAINT VINCENT DE TYROSSE,145525,43.657736,-1.3064930000000001
SAINT VIT,117759,47.183507,5.809057
SAINTE BAZEILLE,884,44.5326935,0.09312689999999998
SAINTE FOY LA GRANDE,171919,44.836886,0.221519
SAINTE MARTHE EN PROVENCE,24839,43.3392414,5.390412
SAINTE PAZANNE,176137,47.1055419,-1.8138743999999998
SAINTES,454350,45.748740000000005,-0.6179
SALBRIS,199767,47.42522,2.04778
SALECHAN SIRADAN,216,42.963309100000004,0.6312525999999999
SALON,213132,43.639061,5.088569000000001
SANTENAY LES BAINS,5026,46.91067520000001,4.7017523
SANTES,46742,50.59201229999999,2.961977
SAONE,25591,47.2097669,6.101308900000001
SARLAT,47917,44.877021299999996,1.220328
SARLIEVE COURNON,31825,45.738769700000006,3.1681196
SARRANCE,997,43.0496,-0.599962
SATHONAY RILLIEUX,313475,45.820264,4.8753150000000005
SAUJON,43071,45.6665019,-0.9300187
SAULON,10578,47.224035,5.1045991
SAUMUR,647395,47.269,-0.07136
SAUSSET LES PINS,63931,43.332864,5.1100010000000005
SAUVETERRE LA LEMANCE,964,44.5893893,1.0115418999999999
SAVENAY,524832,47.35859,-1.950957
SAVENNIERES BEHUARD,49260,47.381733200000006,-0.6540004
SAVERDUN,128348,43.239357,1.570616
SAVY BERLETTE,29081,50.3538756,2.5577316000000003
SECLIN,268269,50.5486319,3.0350083999999997
SEES,77622,48.599899799999996,0.1661851
SENAS,24934,43.7409571,5.073364499999999
SENNECEY LE GRAND,27942,46.6406445,4.874316
SENS,1098717,48.197856,3.267833
SEPTEMES,24987,43.403113700000006,5.3701756
SEREZIN,185677,45.627159999999996,4.81806
SERMIZELLES VEZELAY,8118,47.528906799999994,3.7928695
SERQUEUX,72971,49.6315093,1.5395267
SERQUIGNY,28468,49.1074117,0.7189895000000001
SERRES,13227,44.4246573,5.7184200999999995
SERVAS LENT,67559,46.130666299999994,5.1681312
SETE,986790,43.412485,3.69656
SEURRE,50089,46.9964114,5.1513121
SEVERAC,5873,47.54986470000001,-2.072707
SEYSSEL CORBONOD,49537,45.963030700000004,5.8315162
SILLE LE GUILLAUME,102463,48.1818735,-0.12896960000000002
SIMANDRE SUR SURAN,14966,46.2202097,5.4210929000000005
SIMIANE,149888,43.434746999999994,5.426148
SIN LE NOBLE,60850,50.356612,3.112777
SIORAC EN PERIGORD,6216,44.8197409,0.9844565999999999
SISTERON,50051,44.190202500000005,5.9465888
SOISSONS,568101,49.369198299999994,3.3381258999999996
SOLLIES PONT,60727,43.1907805,6.046415799999999
SOMAIN,342640,50.3557,3.2773800000000004
SORGUES CHATEAUNEUF DU PAPE,163541,44.0053909,4.8756182
SOSPEL,52227,43.876545,7.453788
SOTTEVILLE,15913,49.4129479,1.102362
SOUILLAC,96573,44.902127,1.466605
STRAZEELE,47075,50.713491999999995,2.6312181
SURDON,56612,48.6647685,0.13440970000000002
SURGERES,350762,46.113238,-0.762284
TARARE,477134,45.889921,4.439208
TARASCON SUR ARIEGE,41781,42.8495385,1.5999321000000002
TARBES,407099,43.239955,0.069415
TASSIN,264550,45.761509999999994,4.75857
TEMPLEUVE,675777,50.52863,3.17559
TENAY HAUTEVILLE,34144,45.9222096,5.5016101
TENDE,18199,44.089921999999994,7.594160799999999
TERGNIER,453397,49.6591862,3.2972491
TERRASSON,24483,45.1357901,1.3004219
TESSONNIERES,3185,43.9284209,1.9369531000000002
THENON,10981,45.1601857,1.0686905
THEOULE SUR MER,10721,43.5134929,6.9367978
THESEE,3370,47.322271,1.3120568000000001
THIERS,41587,45.8610502,3.5431797999999994
THIVIERS,100021,45.418965,0.921348
THONON LES BAINS,411424,46.369004,6.481669
THOUARS,35762,46.985244200000004,-0.20979410000000004
THOUROTTE,43935,49.476072200000004,2.8830021
TIERCE,144381,47.617532000000004,-0.469347
TONNAY CHARENTE,11928,45.9433989,-0.8978980999999999
TONNEINS,153595,44.392796000000004,0.314093
TONNERRE,127065,47.85938,3.97355
TOUET DE L'ESCARENE,2585,43.847083500000004,7.364363000000001
TOULON,3534118,43.128370000000004,5.929293
TOULOUSE MATABIAU,8712234,43.611206,1.453616
TOURCOING,731606,50.71683,3.16804
TOURNAY,14349,43.1836066,0.2389703
TOURNUS,238990,46.56668,4.906647
TOURS,4690784,47.389781,0.693703
TOURY,106085,48.193606,1.9395650000000002
TRACY SANCERRE,10480,47.3376398,2.8804164
TRAOU NEZ,111,48.74856629999999,-3.1348766
TRONSANGES,4389,47.113029,3.0541532000000005
TULLE,122979,45.258725,1.7564669999999998
TULLINS FURES,319591,45.300996000000005,5.4921940000000005
URT,2703,43.4993785,-1.3005563999999998
USSEL,50999,45.557438299999994,2.3143439
USTARITZ,2244,43.4048083,-1.4489653999999998
UZERCHE,66798,45.440708799999996,1.5702735
VAL DE REUIL,478731,49.275437,1.2241469999999999
VALENCAY,17864,47.163171999999996,1.5584441999999998
VALENCE D'AGEN,53380,44.11173170000001,0.8915743
VALENCIENNES,3080883,50.363259,3.517115
VALLEIRY,33024,46.1092875,5.96735
VALOGNES,217468,49.505454,-1.47986
VANNES,1412592,47.665169,-2.75245
VARADES SAINT FLORENT LE VIEIL,91923,47.374447100000005,-1.0197120000000002
VARENNES SUR ALLIER,81562,46.3154922,3.3941782999999996
VARENNES SUR FOUZON,4331,47.214409499999995,1.6145221
VARILHES,33531,43.041559299999996,1.6284818
VAUDAGNE,53,45.90885170000001,6.772667299999999
VAUVERT,2447,43.6950375,4.270165
VAUZELLES,1986,47.0013565,3.1342093999999996
VAYRES,32246,44.89717,-0.31686
VELINES,46346,44.8520145,0.10365839999999998
VENDOME,64882,47.802149799999995,1.0678728000000002
VENISSIEUX,159707,45.705551,4.888109
VERGEZE CODOGNAN,218204,43.739877,4.2188419999999995
VERNAISON,69916,45.64564779999999,4.8132908
VERNEUIL SUR AVRE,113559,48.7424857,0.9291925
VERTAIZON,129123,45.784543,3.288269
VERTOU,103231,47.1861428,-1.4780052
VESOUL,245423,47.6177734,6.1519260000000004
VEYNES DEVOLUY,78109,44.5320046,5.815764
VIC LE COMTE,196881,45.664911,3.2070790000000002
VIC SUR CERE,10451,44.975877000000004,2.6316644
VICHY,1193916,46.126979,3.430448
VIELMUR SUR AGOUT,18237,43.623928,2.0895781
VIENNE,1559620,45.521207000000004,4.874211
VIERZY,160,49.2910309,3.2773025999999996
VIF,5172,45.0476532,5.685454200000001
VILLARS LES DOMBES,461345,46.004205999999996,5.028404
VILLEDIEU LES POELES,87124,48.8340495,-1.225559
VILLEFORT,9878,44.4395099,3.9240146
VILLEFRANCHE DE LAURAGAIS,176308,43.398537,1.714725
VILLEFRANCHE DE ROUERGUE,60264,44.347498,2.0364593999999996
VILLEFRANCHE SUR MER,411448,43.707060999999996,7.314128999999999
VILLEFRANCHE SUR SAONE,2038720,45.9845,4.72077
VILLEFRANCHE VERNET LES BAINS,133167,42.591998,2.370396
VILLEFRANQUE,12,43.431399799999994,-1.4564514
VILLENEUVE LA COMTESSE,1833,46.0986599,-0.5130717
VILLENEUVE LA GUYARD,109228,48.342425,3.071655
VILLENEUVE SUR ALLIER,149,46.6592073,3.2469557
VILLENEUVE SUR YONNE,41845,48.085012899999995,3.2869251000000004
VILLEREVERSURE,4119,46.1944145,5.3977089000000005
VILLERS COTTERETS,353457,49.25026,3.0937
VILLERS SUR MER,5775,49.3159865,0.0099283
VINAY,135474,45.20797,5.41005
VIRE,71071,48.846329,-0.882884
VIRIEU LE GRAND BELLEY,54918,45.8482817,5.6536162
VIRVILLE MANNEVILLE,2082,49.5835958,0.35416090000000006
VITRE,756074,48.122671000000004,-1.211754
VIVIERS DU LAC,5679,45.648502,5.9033389000000005
VIVIEZ DECAZEVILLE,14083,44.5555678,2.2182582
VIVOIN BEAUMONT,49243,48.2302093,0.1447829
VIVONNE,33548,46.426635499999996,0.2653156
VOIRON,1197133,45.364036999999996,5.595054
VOLVIC,7619,45.864715000000004,3.0031455
VONNAS,94344,46.227285200000004,4.991667700000001
VOREY,29189,45.1829093,3.911422
VOUGEOT GILLY LES CITEAUX,28416,47.1755556,4.9715685
VOVES,34200,48.275009499999996,1.6222874
WALLERS,29475,50.384611,3.3937454
WATTEN EPERLECQUES,96927,50.825404299999995,2.2079598999999996
WAVRIN,89463,50.57443,2.93672
WIMILLE WIMEREUX,49319,50.7638456,1.6137455
YCHOUX,114265,44.329265899999996,-0.9460318000000001
YGOS,26203,43.978185100000005,-0.7361528
YVETOT,902928,49.622035,0.750115
